Name,Address,City,State,ZIP
Will Smith,555 Broadway Ave,New York,NY,10010
Jane Doe,123 Main St,Whereverville,CA,90210
Mary Jane,405 Camelback Road,Phoenix,AZ,20030
Bill Joy,155 Lindsay Ave,Mesa,AZ,20020
Jane Doe,123 Main St,Whereverville,CA,90210
Will Smith,555 Broadway Ave,New York,NY,10010
Bill Joy,155 Lindsay Ave,Mesa,AZ,20020
Mary Jane,405 Camelback Road,Phoenix,AZ,20030
Jane Doe,123 Main St,Whereverville,CA,90210
Bill Joy,155 Lindsay Ave,Mesa,AZ,20020
Will Smith,555 Broadway Ave,New York,NY,10010
Mary Jane,405 Camelback Road,Phoenix,AZ,20030
